Id,TagName,Count,ExcerptPostId,WikiPostId
1,equipment,271,4155,4154
2,fermentation,777,4072,4071
4,yeast,672,4153,4152
5,head-retention,16,,
8,mead,157,4065,4064
9,temperature,168,6490,6489
11,hydrometer,46,16658,16657
13,cider,274,4169,4168
14,ale,71,22249,22248
15,cloudy,22,,
16,beer,606,4099,4098
18,decoction,8,6525,6524
19,mash,179,4080,4079
20,techniques,231,4200,4199
21,holiday,3,,
23,fruit,109,16652,16651
24,spices,16,,
28,bottles,65,4161,4160
29,extract,91,14882,14881
30,cost,5,,
35,hops,276,4074,4073
36,chocolate,13,,
37,stout,75,9755,9754
38,boil,134,4850,4849
40,primary,43,584,583
41,bucket,17,,
42,carboy,56,5585,5584
43,bulk,2,,
44,grain,57,6581,6580
45,storage,85,16700,16699
46,all-grain,196,4846,4845
47,water,107,6436,6435
48,wort,129,4848,4847
49,chilling,38,22255,22254
50,chiller,14,,
51,cooling,28,,
54,lager,79,6438,6437
56,ibu,20,,
57,alpha-acids,14,17431,17430
58,best-practices,4,,
60,racking,49,6434,6433
62,log,2,,
65,secondary-fermentation,157,4364,4363
66,ingredients,133,4198,4197
67,stuck-fermentation,89,6425,6424
70,bittering,20,,
72,barleywine,13,4844,4843
73,aging,69,22226,22225
74,bottle-conditioning,156,5652,5651
75,bottling,309,4157,4156
76,labels,13,,
77,serving,13,,
78,wine,242,4171,4170
79,acidity,15,18857,18856
85,wild-yeast,26,6474,6473
87,dry-yeast,8,6579,6578
89,sterilization,14,,
90,contamination,112,6428,6427
91,dry-hopping,10,,
92,hopback,4,,
93,carbonation,301,4196,4195
95,kegs,19,,
96,kegging,190,4856,4855
99,cleaning,98,14935,14934
102,bacteria,25,,
104,yeast-starters,125,4489,4488
105,procedure,5,,
106,extract-plus-grains,24,,
108,brewing,130,17404,17403
109,recipe-formulation,64,17157,17156
111,temperature-control,74,22247,22246
114,coffee,21,,
119,lambics,13,5626,5625
120,caps,10,,
122,kits,58,17406,17405
123,brewery,6,,
125,alcohol-content,81,17440,17439
126,priming,77,14959,14958
128,record-keeping,3,,
129,root-beer,10,,
132,malt,94,9412,9411
133,2-row,3,17429,17428
135,base-malt,9,9414,9413
139,permanent,2,,
140,spent-grain,6,,
141,oak,20,,
142,oxygenation,30,6432,6431
143,barrel,16,,
144,commercial,10,,
145,starsan,27,,
146,shipping,6,,
148,aroma,48,17410,17409
150,saison,26,,
151,original-gravity,93,5654,5653
153,smoke,7,,
154,ipa,84,14880,14879
155,recipe,134,4163,4162
156,dme,21,16698,16697
158,partial-mash,22,5610,5609
159,sparge,43,7002,7001
161,irish-moss,16,24548,24547
162,science,8,,
164,recipe-scaling,30,,
165,adjuncts,41,7863,7862
166,fermenter,48,4996,4995
167,lauter,10,,
168,efficiency,46,6466,6465
170,attenuation,30,5656,5655
171,high-gravity,38,6470,6469
172,bread,4,,
174,reuse,8,,
176,full-boil,6,,
179,red-wine,22,,
180,barley,8,22212,22211
181,wheat,24,,
183,electric,15,,
188,boil-kettle,25,22234,22233
189,oxiclean,7,,
191,rye,17,18859,18858
192,grow,9,,
193,calculations,41,5587,5586
197,software,14,,
198,club,2,,
201,environment,6,,
202,co2,64,6547,6546
206,soda,10,,
208,nuts,4,,
212,sugar,101,18861,18860
213,small-batch,34,10858,10857
218,bjcp,13,,
219,campden,20,,
220,glass,10,,
221,secondary,87,6529,6528
222,foam,29,,
224,frozen,5,,
227,mashing,57,17416,17415
228,mill,16,,
229,krausen,34,22243,22242
230,primary-fermentation,102,6527,6526
232,color,28,,
236,conversion,23,,
237,banana,8,,
239,cork,6,,
241,beer-tools,8,,
243,sweetness,30,,
244,conditioning,58,6557,6556
245,priming-sugar,55,6583,6582
246,alternatives,11,5449,5448
248,taste,48,17412,17411
251,additives,34,,
252,flavor,129,4202,4201
253,pairing,5,,
255,food,4,,
256,fermentation-temperature,183,5606,5605
257,bitterness,35,22228,22227
259,first-time,19,,
260,buying,5,,
265,process,58,6478,6477
266,belgian,34,,
268,bacon,2,,
269,lemonade,8,,
271,red-ale,7,,
273,sanitation,152,6488,6487
276,judging,4,,
277,beer-styles,58,,
278,imperial,14,,
281,potassium-meta-bisulfite,8,,
282,potassium-sorbate,6,,
284,k-meta,2,,
285,capping,21,22259,22258
287,skunk,14,4097,4096
292,dry-hop,95,5612,5611
293,keg,108,5966,5965
298,competition,11,,
299,smack-pack,7,6472,6471
300,boilover,8,,
301,problems,16,,
302,steeping,37,17414,17413
303,kettle,29,11009,11008
306,cellaring,8,,
307,refrigerator,13,,
311,bourbon,10,,
312,packaging,21,,
314,specialty-malt,15,,
316,troubleshooting,54,,
318,hot-side-aeration,4,,
323,starter,33,22230,22229
324,partigyle,6,,
325,better-bottle,6,,
327,crush,12,,
329,trub,29,10854,10853
330,chili,5,,
331,spoilage,12,,
332,conical-fermenter,9,,
333,clarity,34,18548,18547
334,fining,15,,
336,small-space,17,,
337,apartment,8,,
338,burner,10,,
347,copper,8,,
348,kegerator,46,22262,22261
349,oxidation,36,,
350,specific-gravity,122,5604,5603
351,airlock,94,16656,16655
355,legal,11,9757,9756
359,pressure,40,22253,22252
361,consistency,6,,
362,insulation,3,,
363,mash-tun,27,22232,22231
364,crystal,5,,
365,blow-off,20,,
367,crash-cool,6,,
368,reusing-yeast,53,,
369,diacetyl-rest,21,5624,5623
370,off-flavor,99,6476,6475
371,rhizome,5,,
372,pitch,23,24546,24545
377,open-fermentation,9,,
382,siphon,19,,
384,specialty-grains,21,,
387,sediment,29,,
388,gravity-reading,18,,
390,late-addition,16,,
391,whiskey,11,,
392,yeast-cultures,26,17364,17363
393,cultivation,4,,
395,blow-off-tube,10,,
404,filtering,32,17418,17417
405,aeration,33,6430,6429
410,pumpkin,8,,
411,mash-volume,9,,
413,over-carbonation,29,,
422,diy,20,24544,24543
423,light,13,,
428,biab,40,9662,9661
430,head,15,,
431,experiments,19,,
434,barrels,4,,
436,large-batch,5,,
438,hop-utilization,19,6787,6786
439,shelf-life,9,,
440,degassing,7,,
442,lagering,26,,
444,brettanomyces,22,,
446,maturation,16,,
448,growing-hops,22,,
449,books,12,,
450,lme,18,16702,16701
456,plastic,22,,
458,honey,26,22257,22256
462,brewpub,2,,
465,tea,6,,
469,brewpot,14,,
470,first-time-brewer,176,16654,16653
473,clone-recipe,16,,
475,stainless,9,,
479,pectic-enzyme,9,,
485,body,12,,
487,cold,10,,
488,bottle,33,22251,22250
489,viability,4,,
490,spiced,3,,
493,propane-burner,10,,
495,boil-equipment,24,9760,9759
498,weiss,4,,
499,belgian-white,5,,
500,finings,28,22239,22238
506,sour,57,16650,16649
514,mistakes,7,,
521,beersmith,8,,
522,chemistry,24,,
524,sanitizer,41,6602,6601
527,basement,3,,
529,ginger,28,,
530,americanipa,10,,
533,shaking,4,,
535,gypsum,6,,
537,batch-sparge,14,6468,6467
539,rice-hulls,4,,
543,clarification,26,,
544,refractometer,15,,
548,ginger-beer,69,10088,10087
549,pump,14,,
551,measurements,25,,
557,hangover,2,,
560,lactose,7,,
561,brown,5,,
573,printing,2,,
577,honey-type,3,,
581,refrigeration,5,,
583,food-safety,13,,
586,mash-ph,17,6518,6517
592,mash-thickness,3,6498,6497
594,transport,14,,
614,recapping,7,,
615,shopping,6,,
618,final-gravity,65,5608,5607
619,yeast-nutrient,32,,
622,cold-crash,39,22241,22240
623,isinglass,6,,
641,learning,4,,
642,gas,14,,
643,tubing,15,,
646,slants,2,,
651,partial-boil,15,,
664,nibs,5,,
667,disinfecting,6,,
668,doppelbock,3,,
681,vinegar,11,,
688,dms,9,21813,21812
689,pilsner,15,,
690,pale,10,,
693,reinheitsgebot,3,,
706,autolysis,4,22214,22213
716,wheat-beer,20,,
729,extract-brewing,55,17408,17407
732,growlers,3,,
735,nutrition,7,,
742,adjunct,7,22216,22215
748,aftertaste,10,,
750,pre-fermentation,3,,
751,oats,8,,
755,protien-rest,7,,
759,magazine,2,,
760,residual,4,,
761,media,3,,
762,bottle-bomb,16,,
777,substitution,11,,
779,force-carbonation,45,17442,17441
782,wort-chiller,31,22237,22236
784,corny-keg,73,6523,6522
786,batch-size,11,,
791,sake,8,6687,6686
793,alcohol,22,17438,17437
795,safety,22,,
801,rims,9,11011,11010
806,repitch,14,,
808,airtight,4,,
812,grinding,3,,
813,pitching-rate,8,,
816,smash,8,,
819,temperature-probe,18,,
822,sanke-keg,6,,
823,porter,17,,
830,berliner-weisse,4,,
832,california-common,3,,
837,liquor,9,,
841,lactobacillus,14,,
859,acetaldehyde,8,22621,22620
861,harvest,13,,
866,wood,6,,
867,bubble,6,,
870,gluten-free,8,18440,18439
877,mold,17,,
879,corn,6,,
883,ph,23,,
890,distillation,18,,
891,fruit-extract,7,22271,22270
897,kombucha,26,9613,9612
898,youngs,2,9730,9729
899,pitching,12,,
902,brown-ale,5,,
904,timing,6,,
907,no-chill,10,,
908,coopers,6,,
912,stir-plate,11,,
915,flavoring,14,,
918,swamp-cooler,11,,
921,hefeweizen,8,,
922,yeast-washing,5,,
929,wyeast,16,,
931,beginner,47,10912,10911
933,help,14,,
934,projects,2,,
935,headspace,9,,
936,water-heater,3,,
939,indoors,2,,
941,fermwrap,6,,
963,vodka,7,,
970,induction-heating,5,,
971,bucket-heater,3,,
973,srm,2,,
974,keg-fermentors,2,,
976,pbw,5,,
981,gelatin,11,,
983,vorlauf,2,22220,22219
985,acidic,4,15665,15664
986,country-wine,10,15663,15662
998,lees,8,,
999,water-filtration,6,,
1000,chloramines,4,22652,22651
1006,pediococcus,5,16660,16659
1009,dilution,4,,
1011,krausening,1,17165,17164
1020,clear,2,,
1021,cleaners,2,,
1026,stability,1,18855,18854
1027,fruit-wine,12,,
1033,amylase-enzymes,4,,
1039,pasteurization,6,,
1042,closed-transfer,2,22210,22209
1044,mouthfeel,2,22267,22266
1045,proteins,1,22269,22268
1046,sahti,2,22273,22272
1047,session-beer,1,22275,22274
1048,health-effects,1,22277,22276
1049,terminology,3,22279,22278
1050,yeast-energizer,2,,
1053,brewing-enzymes,3,22619,22618
1082,citrus,2,,
1088,chitosan,1,,
1089,meta,2,,
1090,chat,1,,
1091,untagged,1,,
